symboling,normalized-losses,make,num-of-doors,body-style,drive-wheels,engine-location,wheel-base,length,width,height,curb-weight,engine-type,num-of-cylinders,engine-size,fuel-system,bore,stroke,compression-ratio,horsepower,peak-rpm,city-L/100km,highway-L/100km,preço-binned,horsepower-binned,fuel-type-diesel,fuel-type-gas,aspiration-std,aspiration-turbo,price
3,122.0,alfa-romero,two,convertible,rwd,front,88.6,0.8111484863046613,0.32478632478632447,-2.029014503258066,2548,dohc,four,130,mpfi,3.47,2.68,9.0,111,5000.0,11.19047619047619,8.703703703703704,Barato,baixo,0,1,1,0,13495.0
3,122.0,alfa-romero,two,convertible,rwd,front,88.6,0.8111484863046613,0.32478632478632447,-2.029014503258066,2548,dohc,four,130,mpfi,3.47,2.68,9.0,111,5000.0,11.19047619047619,8.703703703703704,Barato,baixo,0,1,1,0,16500.0
1,122.0,alfa-romero,two,hatchback,rwd,front,94.5,0.8226814031715521,0.4444444444444446,-0.5583194270710262,2823,ohcv,six,152,mpfi,2.68,3.47,9.0,154,5000.0,12.368421052631579,9.038461538461538,Barato,médio,0,1,1,0,16500.0
2,164.0,audi,four,sedan,fwd,front,99.8,0.8486304661220567,0.5042735042735046,0.21788075202768845,2337,ohc,four,109,mpfi,3.19,3.4,10.0,102,5500.0,9.791666666666666,7.833333333333333,Barato,baixo,0,1,1,0,13950.0
2,164.0,audi,four,sedan,4wd,front,99.4,0.8486304661220567,0.521367521367522,0.21788075202768845,2824,ohc,five,136,mpfi,3.19,3.4,8.0,115,5500.0,13.055555555555555,10.681818181818182,Barato,baixo,0,1,1,0,17450.0
2,122.0,audi,two,sedan,fwd,front,99.8,0.8519942335415667,0.5128205128205127,-0.27235094003465626,2507,ohc,five,136,mpfi,3.19,3.4,8.5,110,5500.0,12.368421052631579,9.4,Barato,baixo,0,1,1,0,15250.0
1,158.0,audi,four,sedan,fwd,front,105.8,0.9259971167707832,0.9487179487179492,0.7898177261004283,2844,ohc,five,136,mpfi,3.19,3.4,8.5,110,5500.0,12.368421052631579,9.4,Barato,baixo,0,1,1,0,17710.0
1,122.0,audi,four,wagon,fwd,front,105.8,0.9259971167707832,0.9487179487179492,0.7898177261004283,2954,ohc,five,136,mpfi,3.19,3.4,8.5,110,5500.0,12.368421052631579,9.4,Mediano,baixo,0,1,1,0,18920.0
1,158.0,audi,four,sedan,fwd,front,105.8,0.9259971167707832,0.9487179487179492,0.8715230081108176,3086,ohc,five,131,mpfi,3.13,3.4,8.3,140,5500.0,13.823529411764707,11.75,Mediano,médio,0,1,0,1,23875.0
2,192.0,bmw,two,sedan,rwd,front,101.2,0.849591542527631,0.3846153846153845,0.21788075202768845,2395,ohc,four,108,mpfi,3.5,2.8,8.8,101,5800.0,10.217391304347826,8.10344827586207,Barato,baixo,0,1,1,0,16430.0
0,192.0,bmw,four,sedan,rwd,front,101.2,0.849591542527631,0.3846153846153845,0.21788075202768845,2395,ohc,four,108,mpfi,3.5,2.8,8.8,101,5800.0,10.217391304347826,8.10344827586207,Barato,baixo,0,1,1,0,16925.0
0,188.0,bmw,two,sedan,rwd,front,101.2,0.849591542527631,0.3846153846153845,0.21788075202768845,2710,ohc,six,164,mpfi,3.31,3.19,9.0,121,4250.0,11.19047619047619,8.392857142857142,Mediano,médio,0,1,1,0,20970.0
0,188.0,bmw,four,sedan,rwd,front,101.2,0.849591542527631,0.3846153846153845,0.21788075202768845,2765,ohc,six,164,mpfi,3.31,3.19,9.0,121,4250.0,11.19047619047619,8.392857142857142,Mediano,médio,0,1,1,0,21105.0
1,122.0,bmw,four,sedan,rwd,front,103.5,0.9082172032676598,0.5641025641025647,0.7898177261004283,3055,ohc,six,164,mpfi,3.31,3.19,9.0,121,4250.0,11.75,9.4,Mediano,médio,0,1,1,0,24565.0
0,122.0,bmw,four,sedan,rwd,front,103.5,0.9082172032676598,0.5641025641025647,0.7898177261004283,3230,ohc,six,209,mpfi,3.62,3.39,8.0,182,5400.0,14.6875,10.681818181818182,Mediano,médio,0,1,1,0,30760.0
0,122.0,bmw,two,sedan,rwd,front,103.5,0.9312830370014417,0.6495726495726502,-0.027235094003482462,3380,ohc,six,209,mpfi,3.62,3.39,8.0,182,5400.0,14.6875,10.681818181818182,Caro,médio,0,1,1,0,41315.0
0,122.0,bmw,four,sedan,rwd,front,110.0,0.9466602594906295,0.9059829059829065,1.034933572131599,3505,ohc,six,209,mpfi,3.62,3.39,8.0,182,5400.0,15.666666666666666,11.75,Caro,médio,0,1,1,0,36880.0
2,121.0,chevrolet,two,hatchback,fwd,front,88.4,0.6780394041326285,0.0,-0.23149829902946015,1488,l,three,61,2bbl,2.91,3.03,9.5,48,5100.0,5.0,4.433962264150943,Barato,baixo,0,1,1,0,5151.0
1,98.0,chevrolet,two,hatchback,fwd,front,94.5,0.7491590581451226,0.2820512820512823,-0.7217299910918078,1874,ohc,four,90,2bbl,3.03,3.11,9.6,70,5400.0,6.184210526315789,5.465116279069767,Barato,baixo,0,1,1,0,6295.0
0,81.0,chevrolet,four,sedan,fwd,front,94.5,0.7630946660259491,0.2820512820512823,-0.7217299910918078,1909,ohc,four,90,2bbl,3.03,3.11,9.6,70,5400.0,6.184210526315789,5.465116279069767,Barato,baixo,0,1,1,0,6575.0
1,118.0,dodge,two,hatchback,fwd,front,93.7,0.7558865929841423,0.2991452991452991,-1.2119616831541553,1876,ohc,four,90,2bbl,2.97,3.23,9.41,68,5500.0,6.351351351351352,5.7317073170731705,Barato,baixo,0,1,1,0,5572.0
1,118.0,dodge,two,hatchback,fwd,front,93.7,0.7558865929841423,0.2991452991452991,-1.2119616831541553,1876,ohc,four,90,2bbl,2.97,3.23,9.4,68,5500.0,7.580645161290323,6.184210526315789,Barato,baixo,0,1,1,0,6377.0
1,118.0,dodge,two,hatchback,fwd,front,93.7,0.7558865929841423,0.2991452991452991,-1.2119616831541553,2128,ohc,four,98,mpfi,3.03,3.39,7.6,102,5500.0,9.791666666666666,7.833333333333333,Barato,baixo,0,1,0,1,7957.0
1,148.0,dodge,four,hatchback,fwd,front,93.7,0.7558865929841423,0.2991452991452991,-1.2936669651645447,1967,ohc,four,90,2bbl,2.97,3.23,9.4,68,5500.0,7.580645161290323,6.184210526315789,Barato,baixo,0,1,1,0,6229.0
1,148.0,dodge,four,sedan,fwd,front,93.7,0.7558865929841423,0.2991452991452991,-1.2936669651645447,1989,ohc,four,90,2bbl,2.97,3.23,9.4,68,5500.0,7.580645161290323,6.184210526315789,Barato,baixo,0,1,1,0,6692.0
1,148.0,dodge,four,sedan,fwd,front,93.7,0.7558865929841423,0.2991452991452991,-1.2936669651645447,1989,ohc,four,90,2bbl,2.97,3.23,9.4,68,5500.0,7.580645161290323,6.184210526315789,Barato,baixo,0,1,1,0,7609.0
1,148.0,dodge,four,sedan,fwd,front,93.7,0.7558865929841423,0.2991452991452991,-1.2936669651645447,2191,ohc,four,98,mpfi,3.03,3.39,7.6,102,5500.0,9.791666666666666,7.833333333333333,Barato,baixo,0,1,0,1,8558.0
-1,110.0,dodge,four,wagon,fwd,front,103.3,0.8390197020663143,0.3675213675213672,2.464776007313443,2535,ohc,four,122,2bbl,3.34,3.46,8.5,88,5000.0,9.791666666666666,7.833333333333333,Barato,baixo,0,1,1,0,8921.0
3,145.0,dodge,two,hatchback,fwd,front,95.9,0.8322921672272945,0.5128205128205127,-1.4570775291853262,2811,ohc,four,156,mfi,3.6,3.9,7.0,145,5000.0,12.368421052631579,9.791666666666666,Barato,médio,0,1,0,1,12964.0
2,137.0,honda,two,hatchback,fwd,front,86.6,0.6948582412301778,0.30769230769230776,-1.2119616831541553,1713,ohc,four,92,1bbl,2.91,3.41,9.6,58,4800.0,4.795918367346939,4.351851851851852,Barato,baixo,0,1,1,0,6479.0
2,137.0,honda,two,hatchback,fwd,front,86.6,0.6948582412301778,0.30769230769230776,-1.2119616831541553,1819,ohc,four,92,1bbl,2.91,3.41,9.2,76,6000.0,7.580645161290323,6.184210526315789,Barato,baixo,0,1,1,0,6855.0
1,101.0,honda,two,hatchback,fwd,front,93.7,0.7208073041806824,0.3162393162393164,-0.47661414506063393,1837,ohc,four,79,1bbl,2.91,3.07,10.1,60,5500.0,6.184210526315789,5.595238095238095,Barato,baixo,0,1,1,0,5399.0
1,101.0,honda,two,hatchback,fwd,front,93.7,0.7208073041806824,0.3162393162393164,-0.47661414506063393,1940,ohc,four,92,1bbl,2.91,3.41,9.2,76,6000.0,7.833333333333333,6.911764705882353,Barato,baixo,0,1,1,0,6529.0
1,101.0,honda,two,hatchback,fwd,front,93.7,0.7208073041806824,0.3162393162393164,-0.47661414506063393,1956,ohc,four,92,1bbl,2.91,3.41,9.2,76,6000.0,7.833333333333333,6.911764705882353,Barato,baixo,0,1,1,0,7129.0
0,110.0,honda,four,sedan,fwd,front,96.5,0.7851994233541567,0.3162393162393164,0.29958603403808065,2010,ohc,four,92,1bbl,2.91,3.41,9.2,76,6000.0,7.833333333333333,6.911764705882353,Barato,baixo,0,1,1,0,7295.0
0,78.0,honda,four,wagon,fwd,front,96.5,0.754925516578568,0.30769230769230776,1.85198639223551,2024,ohc,four,92,1bbl,2.92,3.41,9.2,76,6000.0,7.833333333333333,6.911764705882353,Barato,baixo,0,1,1,0,7295.0
0,106.0,honda,two,hatchback,fwd,front,96.5,0.8049014896684287,0.4188034188034192,-0.19064565802426695,2236,ohc,four,110,1bbl,3.15,3.58,9.0,86,5800.0,8.703703703703704,7.121212121212121,Barato,baixo,0,1,1,0,7895.0
0,106.0,honda,two,hatchback,fwd,front,96.5,0.8049014896684287,0.4188034188034192,-0.19064565802426695,2289,ohc,four,110,1bbl,3.15,3.58,9.0,86,5800.0,8.703703703703704,7.121212121212121,Barato,baixo,0,1,1,0,9095.0
0,85.0,honda,four,sedan,fwd,front,96.5,0.8428640076886112,0.4188034188034192,0.1361754700172991,2304,ohc,four,110,1bbl,3.15,3.58,9.0,86,5800.0,8.703703703703704,7.121212121212121,Barato,baixo,0,1,1,0,8845.0
0,85.0,honda,four,sedan,fwd,front,96.5,0.8428640076886112,0.18803418803418823,0.1361754700172991,2372,ohc,four,110,1bbl,3.15,3.58,9.0,86,5800.0,8.703703703703704,7.121212121212121,Barato,baixo,0,1,1,0,10295.0
0,85.0,honda,four,sedan,fwd,front,96.5,0.8428640076886112,0.4188034188034192,0.1361754700172991,2465,ohc,four,110,mpfi,3.15,3.58,9.0,101,5800.0,9.791666666666666,8.392857142857142,Barato,baixo,0,1,1,0,12945.0
1,107.0,honda,two,sedan,fwd,front,96.5,0.8125901009130225,0.4871794871794873,-1.1302564011437632,2293,ohc,four,110,2bbl,3.15,3.58,9.1,100,5500.0,9.4,7.580645161290323,Barato,baixo,0,1,1,0,10345.0
0,122.0,isuzu,four,sedan,rwd,front,94.3,0.8202787121576165,0.12820512820512817,-0.1089403760138747,2337,ohc,four,111,2bbl,3.31,3.23,8.5,78,4800.0,9.791666666666666,8.10344827586207,Barato,baixo,0,1,1,0,6785.0
2,122.0,isuzu,two,hatchback,rwd,front,96.0,0.8294089380105718,0.4188034188034192,-0.9668458371229816,2734,ohc,four,119,spfi,3.43,3.23,9.2,90,5000.0,9.791666666666666,8.10344827586207,Barato,baixo,0,1,1,0,11048.0
0,145.0,jaguar,four,sedan,rwd,front,113.0,0.9591542527630946,0.7948717948717945,-0.39490886305024464,4066,dohc,six,258,mpfi,3.63,4.17,8.1,176,4750.0,15.666666666666666,12.368421052631579,Caro,médio,0,1,1,0,32250.0
0,122.0,jaguar,four,sedan,rwd,front,113.0,0.9591542527630946,0.7948717948717945,-0.39490886305024464,4066,dohc,six,258,mpfi,3.63,4.17,8.1,176,4750.0,15.666666666666666,12.368421052631579,Caro,médio,0,1,1,0,35550.0
0,122.0,jaguar,two,sedan,rwd,front,102.0,0.921191734742912,0.8803418803418799,-2.4375409133100217,3950,ohcv,twelve,326,mpfi,3.54,2.76,11.5,262,5000.0,18.076923076923077,13.823529411764707,Caro,alto,0,1,1,0,36000.0
1,104.0,mazda,two,hatchback,fwd,front,93.1,0.7645362806343105,0.33333333333333376,0.1361754700172991,1890,ohc,four,91,2bbl,3.03,3.15,9.0,68,5000.0,7.833333333333333,7.580645161290323,Barato,baixo,0,1,1,0,5195.0
1,104.0,mazda,two,hatchback,fwd,front,93.1,0.7645362806343105,0.33333333333333376,0.1361754700172991,1900,ohc,four,91,2bbl,3.03,3.15,9.0,68,5000.0,7.580645161290323,6.184210526315789,Barato,baixo,0,1,1,0,6095.0
1,104.0,mazda,two,hatchback,fwd,front,93.1,0.7645362806343105,0.33333333333333376,0.1361754700172991,1905,ohc,four,91,2bbl,3.03,3.15,9.0,68,5000.0,7.580645161290323,6.184210526315789,Barato,baixo,0,1,1,0,6795.0
1,113.0,mazda,four,sedan,fwd,front,93.1,0.8015377222489188,0.33333333333333376,0.1361754700172991,1945,ohc,four,91,2bbl,3.03,3.15,9.0,68,5000.0,7.580645161290323,6.184210526315789,Barato,baixo,0,1,1,0,6695.0
1,113.0,mazda,four,sedan,fwd,front,93.1,0.8015377222489188,0.33333333333333376,0.1361754700172991,1950,ohc,four,91,2bbl,3.08,3.15,9.0,68,5000.0,7.580645161290323,6.184210526315789,Barato,baixo,0,1,1,0,7395.0
3,150.0,mazda,two,hatchback,rwd,front,95.3,0.8121095627102355,0.4615384615384619,-1.7021933752165002,2380,rotor,two,70,4bbl,3.3307106598984775,3.2569035532994857,9.4,101,6000.0,13.823529411764707,10.217391304347826,Barato,baixo,0,1,1,0,10945.0
3,150.0,mazda,two,hatchback,rwd,front,95.3,0.8121095627102355,0.4615384615384619,-1.7021933752165002,2380,rotor,two,70,4bbl,3.3307106598984775,3.2569035532994857,9.4,101,6000.0,13.823529411764707,10.217391304347826,Barato,baixo,0,1,1,0,11845.0
3,150.0,mazda,two,hatchback,rwd,front,95.3,0.8121095627102355,0.4615384615384619,-1.7021933752165002,2385,rotor,two,70,4bbl,3.3307106598984775,3.2569035532994857,9.4,101,6000.0,13.823529411764707,10.217391304347826,Barato,baixo,0,1,1,0,13645.0
3,150.0,mazda,two,hatchback,rwd,front,95.3,0.8121095627102355,0.4615384615384619,-1.7021933752165002,2500,rotor,two,80,mpfi,3.3307106598984775,3.2569035532994857,9.4,135,6000.0,14.6875,10.217391304347826,Barato,médio,0,1,1,0,15645.0
1,129.0,mazda,two,hatchback,fwd,front,98.8,0.8543969245555022,0.52991452991453,-0.027235094003482462,2385,ohc,four,122,2bbl,3.39,3.39,8.6,84,4800.0,9.038461538461538,7.34375,Barato,baixo,0,1,1,0,8845.0
0,115.0,mazda,four,sedan,fwd,front,98.8,0.8543969245555022,0.52991452991453,0.708112444090036,2410,ohc,four,122,2bbl,3.39,3.39,8.6,84,4800.0,9.038461538461538,7.34375,Barato,baixo,0,1,1,0,8495.0
1,129.0,mazda,two,hatchback,fwd,front,98.8,0.8543969245555022,0.52991452991453,-0.027235094003482462,2385,ohc,four,122,2bbl,3.39,3.39,8.6,84,4800.0,9.038461538461538,7.34375,Barato,baixo,0,1,1,0,10595.0
0,115.0,mazda,four,sedan,fwd,front,98.8,0.8543969245555022,0.52991452991453,0.708112444090036,2410,ohc,four,122,2bbl,3.39,3.39,8.6,84,4800.0,9.038461538461538,7.34375,Barato,baixo,0,1,1,0,10245.0
0,122.0,mazda,four,sedan,fwd,front,98.8,0.8543969245555022,0.52991452991453,0.708112444090036,2443,ohc,four,122,idi,3.39,3.39,22.7,64,4650.0,6.527777777777778,5.595238095238095,Barato,baixo,1,0,1,0,10795.0
0,115.0,mazda,four,hatchback,fwd,front,98.8,0.8543969245555022,0.52991452991453,0.708112444090036,2425,ohc,four,122,2bbl,3.39,3.39,8.6,84,4800.0,9.038461538461538,7.34375,Barato,baixo,0,1,1,0,11245.0
0,118.0,mazda,four,sedan,rwd,front,104.9,0.8409418548774628,0.49572649572649535,0.25873339303288456,2670,ohc,four,140,mpfi,3.76,3.16,8.0,120,5000.0,12.368421052631579,8.703703703703704,Barato,médio,0,1,1,0,18280.0
0,122.0,mazda,four,sedan,rwd,front,104.9,0.8409418548774628,0.49572649572649535,0.25873339303288456,2700,ohc,four,134,idi,3.43,3.64,22.0,72,4200.0,7.580645161290323,6.0256410256410255,Barato,baixo,1,0,1,0,18344.0
-1,93.0,mercedes-benz,four,sedan,rwd,front,110.0,0.9173474291206152,0.8547008547008544,1.1166388541419914,3515,ohc,five,183,idi,3.58,3.64,21.5,123,4350.0,10.681818181818182,9.4,Mediano,médio,1,0,0,1,25552.0
-1,93.0,mercedes-benz,four,wagon,rwd,front,110.0,0.9173474291206152,0.8547008547008544,2.0153969562562946,3750,ohc,five,183,idi,3.58,3.64,21.5,123,4350.0,10.681818181818182,9.4,Mediano,médio,1,0,0,1,28248.0
0,93.0,mercedes-benz,two,hardtop,rwd,front,106.7,0.9010091302258529,0.8547008547008544,0.46299659805886223,3495,ohc,five,183,idi,3.58,3.64,21.5,123,4350.0,10.681818181818182,9.4,Mediano,médio,1,0,0,1,28176.0
-1,93.0,mercedes-benz,four,sedan,rwd,front,115.6,0.9735703988467083,0.9743589743589746,1.034933572131599,3770,ohc,five,183,idi,3.58,3.64,21.5,123,4350.0,10.681818181818182,9.4,Mediano,médio,1,0,0,1,31600.0
-1,122.0,mercedes-benz,four,sedan,rwd,front,115.6,0.9735703988467083,0.9743589743589746,1.1166388541419914,3740,ohcv,eight,234,mpfi,3.46,3.1,8.3,155,4750.0,14.6875,13.055555555555555,Caro,médio,0,1,1,0,34184.0
3,142.0,mercedes-benz,two,convertible,rwd,front,96.6,0.8664103796251803,0.8717948717948718,-1.2119616831541553,3685,ohcv,eight,234,mpfi,3.46,3.1,8.3,155,4750.0,14.6875,13.055555555555555,Caro,médio,0,1,1,0,35056.0
0,122.0,mercedes-benz,four,sedan,rwd,front,120.9,1.0,0.9743589743589746,1.1983441361523837,3900,ohcv,eight,308,mpfi,3.8,3.35,8.0,184,4500.0,16.785714285714285,14.6875,Caro,médio,0,1,1,0,40960.0
1,122.0,mercedes-benz,two,hardtop,rwd,front,112.0,0.9572320999519461,1.0,0.6672598030848399,3715,ohcv,eight,304,mpfi,3.8,3.35,8.0,184,4500.0,16.785714285714285,14.6875,Caro,médio,0,1,1,0,45400.0
1,122.0,mercury,two,hatchback,rwd,front,102.7,0.857280153772225,0.6581196581196582,0.42214395705366614,2910,ohc,four,140,mpfi,3.78,3.12,8.0,175,5000.0,12.368421052631579,9.791666666666666,Barato,médio,0,1,0,1,16503.0
2,161.0,mitsubishi,two,hatchback,fwd,front,93.7,0.7558865929841423,0.35042735042735107,-1.2119616831541553,1918,ohc,four,92,2bbl,2.97,3.23,9.4,68,5500.0,6.351351351351352,5.7317073170731705,Barato,baixo,0,1,1,0,5389.0
2,161.0,mitsubishi,two,hatchback,fwd,front,93.7,0.7558865929841423,0.35042735042735107,-1.2119616831541553,1944,ohc,four,92,2bbl,2.97,3.23,9.4,68,5500.0,7.580645161290323,6.184210526315789,Barato,baixo,0,1,1,0,6189.0
2,161.0,mitsubishi,two,hatchback,fwd,front,93.7,0.7558865929841423,0.35042735042735107,-1.2119616831541553,2004,ohc,four,92,2bbl,2.97,3.23,9.4,68,5500.0,7.580645161290323,6.184210526315789,Barato,baixo,0,1,1,0,6669.0
1,161.0,mitsubishi,two,hatchback,fwd,front,93.0,0.7558865929841423,0.2991452991452991,-1.2119616831541553,2145,ohc,four,98,spdi,3.03,3.39,7.6,102,5500.0,9.791666666666666,7.833333333333333,Barato,baixo,0,1,0,1,7689.0
3,153.0,mitsubishi,two,hatchback,fwd,front,96.3,0.8313310908217203,0.4358974358974365,-1.7838986572268922,2370,ohc,four,110,spdi,3.17,3.46,7.5,116,5500.0,10.217391304347826,7.833333333333333,Barato,baixo,0,1,0,1,9959.0
3,153.0,mitsubishi,two,hatchback,fwd,front,96.3,0.8313310908217203,0.4358974358974365,-1.7838986572268922,2328,ohc,four,122,2bbl,3.35,3.46,8.5,88,5000.0,9.4,7.34375,Barato,baixo,0,1,1,0,8499.0
3,122.0,mitsubishi,two,hatchback,fwd,front,95.9,0.8322921672272945,0.5128205128205127,-1.4570775291853262,2833,ohc,four,156,spdi,3.58,3.86,7.0,145,5000.0,12.368421052631579,9.791666666666666,Barato,médio,0,1,0,1,12629.0
3,122.0,mitsubishi,two,hatchback,fwd,front,95.9,0.8322921672272945,0.5128205128205127,-1.4570775291853262,2921,ohc,four,156,spdi,3.59,3.86,7.0,145,5000.0,12.368421052631579,9.791666666666666,Barato,médio,0,1,0,1,14869.0
3,122.0,mitsubishi,two,hatchback,fwd,front,95.9,0.8322921672272945,0.5128205128205127,-1.4570775291853262,2926,ohc,four,156,spdi,3.59,3.86,7.0,145,5000.0,12.368421052631579,9.791666666666666,Barato,médio,0,1,0,1,14489.0
1,125.0,mitsubishi,four,sedan,fwd,front,96.3,0.8284478616049976,0.4358974358974365,-0.8851405551125894,2365,ohc,four,122,2bbl,3.35,3.46,8.5,88,5000.0,9.4,7.34375,Barato,baixo,0,1,1,0,6989.0
1,125.0,mitsubishi,four,sedan,fwd,front,96.3,0.8284478616049976,0.4358974358974365,-0.8851405551125894,2405,ohc,four,122,2bbl,3.35,3.46,8.5,88,5000.0,9.4,7.34375,Barato,baixo,0,1,1,0,8189.0
1,125.0,mitsubishi,four,sedan,fwd,front,96.3,0.8284478616049976,0.4358974358974365,-0.8851405551125894,2403,ohc,four,110,spdi,3.17,3.46,7.5,116,5500.0,10.217391304347826,7.833333333333333,Barato,baixo,0,1,0,1,9279.0
-1,137.0,mitsubishi,four,sedan,fwd,front,96.3,0.8284478616049976,0.4358974358974365,-0.8851405551125894,2403,ohc,four,110,spdi,3.17,3.46,7.5,116,5500.0,10.217391304347826,7.833333333333333,Barato,baixo,0,1,1,0,9279.0
1,128.0,nissan,two,sedan,fwd,front,94.5,0.794329649207112,0.2991452991452991,0.29958603403808065,1889,ohc,four,97,2bbl,3.15,3.29,9.4,69,5200.0,7.580645161290323,6.351351351351352,Barato,baixo,0,1,1,0,5499.0
1,128.0,nissan,two,sedan,fwd,front,94.5,0.794329649207112,0.2991452991452991,0.29958603403808065,2017,ohc,four,103,idi,2.99,3.47,21.9,55,4800.0,5.222222222222222,4.7,Barato,baixo,1,0,1,0,7099.0
1,128.0,nissan,two,sedan,fwd,front,94.5,0.794329649207112,0.2991452991452991,0.29958603403808065,1918,ohc,four,97,2bbl,3.15,3.29,9.4,69,5200.0,7.580645161290323,6.351351351351352,Barato,baixo,0,1,1,0,6649.0
1,122.0,nissan,four,sedan,fwd,front,94.5,0.794329649207112,0.2991452991452991,0.29958603403808065,1938,ohc,four,97,2bbl,3.15,3.29,9.4,69,5200.0,7.580645161290323,6.351351351351352,Barato,baixo,0,1,1,0,6849.0
1,103.0,nissan,four,wagon,fwd,front,94.5,0.8178760211436809,0.2991452991452991,-0.1089403760138747,2024,ohc,four,97,2bbl,3.15,3.29,9.4,69,5200.0,7.580645161290323,6.351351351351352,Barato,baixo,0,1,1,0,7349.0
1,128.0,nissan,two,sedan,fwd,front,94.5,0.794329649207112,0.2991452991452991,0.29958603403808065,1951,ohc,four,97,2bbl,3.15,3.29,9.4,69,5200.0,7.580645161290323,6.351351351351352,Barato,baixo,0,1,1,0,7299.0
1,128.0,nissan,two,hatchback,fwd,front,94.5,0.7957712638154734,0.2991452991452991,-0.19064565802426695,2028,ohc,four,97,2bbl,3.15,3.29,9.4,69,5200.0,7.580645161290323,6.351351351351352,Barato,baixo,0,1,1,0,7799.0
1,122.0,nissan,four,sedan,fwd,front,94.5,0.794329649207112,0.2991452991452991,0.29958603403808065,1971,ohc,four,97,2bbl,3.15,3.29,9.4,69,5200.0,7.580645161290323,6.351351351351352,Barato,baixo,0,1,1,0,7499.0
1,103.0,nissan,four,wagon,fwd,front,94.5,0.8178760211436809,0.2991452991452991,-0.1089403760138747,2037,ohc,four,97,2bbl,3.15,3.29,9.4,69,5200.0,7.580645161290323,6.351351351351352,Barato,baixo,0,1,1,0,7999.0
2,168.0,nissan,two,hardtop,fwd,front,95.1,0.7803940413262855,0.2991452991452991,-0.19064565802426695,2008,ohc,four,97,2bbl,3.15,3.29,9.4,69,5200.0,7.580645161290323,6.351351351351352,Barato,baixo,0,1,1,0,8249.0
0,106.0,nissan,four,hatchback,fwd,front,97.2,0.8332532436328689,0.4188034188034192,0.38129131604847294,2324,ohc,four,120,2bbl,3.33,3.47,8.5,97,5200.0,8.703703703703704,6.911764705882353,Barato,baixo,0,1,1,0,8949.0
0,106.0,nissan,four,sedan,fwd,front,97.2,0.8332532436328689,0.4188034188034192,0.38129131604847294,2302,ohc,four,120,2bbl,3.33,3.47,8.5,97,5200.0,8.703703703703704,6.911764705882353,Barato,baixo,0,1,1,0,9549.0
0,128.0,nissan,four,sedan,fwd,front,100.4,0.8731379144641999,0.52991452991453,0.5447018800692545,3095,ohcv,six,181,mpfi,3.43,3.27,9.0,152,5200.0,13.823529411764707,10.681818181818182,Barato,médio,0,1,1,0,13499.0
0,108.0,nissan,four,wagon,fwd,front,100.4,0.8870735223450265,0.52991452991453,0.9532282901212099,3296,ohcv,six,181,mpfi,3.43,3.27,9.0,152,5200.0,13.823529411764707,10.681818181818182,Barato,médio,0,1,1,0,14399.0
0,108.0,nissan,four,sedan,fwd,front,100.4,0.8870735223450265,0.52991452991453,0.5447018800692545,3060,ohcv,six,181,mpfi,3.43,3.27,9.0,152,5200.0,12.368421052631579,9.4,Barato,médio,0,1,1,0,13499.0
3,194.0,nissan,two,hatchback,rwd,front,91.3,0.8202787121576165,0.6495726495726502,-1.661340734211304,3071,ohcv,six,181,mpfi,3.43,3.27,9.0,160,5200.0,12.368421052631579,9.4,Barato,médio,0,1,1,0,17199.0
3,194.0,nissan,two,hatchback,rwd,front,91.3,0.8202787121576165,0.6495726495726502,-1.661340734211304,3139,ohcv,six,181,mpfi,3.43,3.27,7.8,200,5200.0,13.823529411764707,10.217391304347826,Mediano,alto,0,1,0,1,19699.0
1,231.0,nissan,two,hatchback,rwd,front,99.2,0.857760691975012,0.6495726495726502,-1.661340734211304,3139,ohcv,six,181,mpfi,3.43,3.27,9.0,160,5200.0,12.368421052631579,9.4,Barato,médio,0,1,1,0,18399.0
0,161.0,peugot,four,sedan,rwd,front,107.9,0.897164824603556,0.6923076923076928,1.1983441361523837,3020,l,four,120,mpfi,3.46,3.19,8.4,97,5000.0,12.368421052631579,9.791666666666666,Barato,baixo,0,1,1,0,11900.0
0,161.0,peugot,four,sedan,rwd,front,107.9,0.897164824603556,0.6923076923076928,1.1983441361523837,3197,l,four,152,idi,3.7,3.52,21.0,95,4150.0,8.392857142857142,7.121212121212121,Barato,baixo,1,0,0,1,13200.0
0,122.0,peugot,four,wagon,rwd,front,114.2,0.9557904853435849,0.6923076923076928,2.0153969562562946,3230,l,four,120,mpfi,3.46,3.19,8.4,97,5000.0,12.368421052631579,9.791666666666666,Barato,baixo,0,1,1,0,12440.0
0,122.0,peugot,four,wagon,rwd,front,114.2,0.9557904853435849,0.6923076923076928,2.0153969562562946,3430,l,four,152,idi,3.7,3.52,21.0,95,4150.0,9.4,9.4,Barato,baixo,1,0,0,1,13860.0
0,161.0,peugot,four,sedan,rwd,front,107.9,0.897164824603556,0.6923076923076928,1.1983441361523837,3075,l,four,120,mpfi,3.46,2.19,8.4,95,5000.0,12.368421052631579,9.791666666666666,Barato,baixo,0,1,1,0,15580.0
0,161.0,peugot,four,sedan,rwd,front,107.9,0.897164824603556,0.6923076923076928,1.1983441361523837,3252,l,four,152,idi,3.7,3.52,21.0,95,4150.0,8.392857142857142,7.121212121212121,Barato,baixo,1,0,0,1,16900.0
0,122.0,peugot,four,wagon,rwd,front,114.2,0.9557904853435849,0.6923076923076928,1.1983441361523837,3285,l,four,120,mpfi,3.46,2.19,8.4,95,5000.0,12.368421052631579,9.791666666666666,Barato,baixo,0,1,1,0,16695.0
0,122.0,peugot,four,wagon,rwd,front,114.2,0.9557904853435849,0.6923076923076928,2.0153969562562946,3485,l,four,152,idi,3.7,3.52,21.0,95,4150.0,9.4,9.4,Barato,baixo,1,0,0,1,17075.0
0,161.0,peugot,four,sedan,rwd,front,107.9,0.897164824603556,0.6923076923076928,1.1983441361523837,3075,l,four,120,mpfi,3.46,3.19,8.4,97,5000.0,12.368421052631579,9.791666666666666,Barato,baixo,0,1,1,0,16630.0
0,161.0,peugot,four,sedan,rwd,front,107.9,0.897164824603556,0.6923076923076928,1.1983441361523837,3252,l,four,152,idi,3.7,3.52,21.0,95,4150.0,8.392857142857142,7.121212121212121,Barato,baixo,1,0,0,1,17950.0
0,161.0,peugot,four,sedan,rwd,front,108.0,0.897164824603556,0.6837606837606836,0.9123756491160138,3130,l,four,134,mpfi,3.61,3.21,7.0,142,5600.0,13.055555555555555,9.791666666666666,Barato,médio,0,1,0,1,18150.0
1,119.0,plymouth,two,hatchback,fwd,front,93.7,0.7558865929841423,0.2991452991452991,-1.2119616831541553,1918,ohc,four,90,2bbl,2.97,3.23,9.4,68,5500.0,6.351351351351352,5.7317073170731705,Barato,baixo,0,1,1,0,5572.0
1,119.0,plymouth,two,hatchback,fwd,front,93.7,0.7558865929841423,0.2991452991452991,-1.2119616831541553,2128,ohc,four,98,spdi,3.03,3.39,7.6,102,5500.0,9.791666666666666,7.833333333333333,Barato,baixo,0,1,0,1,7957.0
1,154.0,plymouth,four,hatchback,fwd,front,93.7,0.7558865929841423,0.2991452991452991,-1.2936669651645447,1967,ohc,four,90,2bbl,2.97,3.23,9.4,68,5500.0,7.580645161290323,6.184210526315789,Barato,baixo,0,1,1,0,6229.0
1,154.0,plymouth,four,sedan,fwd,front,93.7,0.8039404132628545,0.2991452991452991,-1.2119616831541553,1989,ohc,four,90,2bbl,2.97,3.23,9.4,68,5500.0,7.580645161290323,6.184210526315789,Barato,baixo,0,1,1,0,6692.0
1,154.0,plymouth,four,sedan,fwd,front,93.7,0.8039404132628545,0.2991452991452991,-1.2119616831541553,2191,ohc,four,98,2bbl,2.97,3.23,9.4,68,5500.0,7.580645161290323,6.184210526315789,Barato,baixo,0,1,1,0,7609.0
-1,74.0,plymouth,four,wagon,fwd,front,103.3,0.8390197020663143,0.3675213675213672,2.464776007313443,2535,ohc,four,122,2bbl,3.35,3.46,8.5,88,5000.0,9.791666666666666,7.833333333333333,Barato,baixo,0,1,1,0,8921.0
3,122.0,plymouth,two,hatchback,rwd,front,95.9,0.8322921672272945,0.5128205128205127,-1.4570775291853262,2818,ohc,four,156,spdi,3.59,3.86,7.0,145,5000.0,12.368421052631579,9.791666666666666,Barato,médio,0,1,0,1,12764.0
3,186.0,porsche,two,hatchback,rwd,front,94.5,0.8116290245074483,0.6837606837606836,-1.4570775291853262,2778,ohc,four,151,mpfi,3.94,3.11,9.5,143,5500.0,12.368421052631579,8.703703703703704,Mediano,médio,0,1,1,0,22018.0
3,122.0,porsche,two,hardtop,rwd,rear,89.5,0.8116290245074483,0.40170940170940184,-0.8851405551125894,2756,ohcf,six,194,mpfi,3.74,2.9,9.5,207,5900.0,13.823529411764707,9.4,Caro,alto,0,1,1,0,32528.0
3,122.0,porsche,two,hardtop,rwd,rear,89.5,0.8116290245074483,0.40170940170940184,-0.8851405551125894,2756,ohcf,six,194,mpfi,3.74,2.9,9.5,207,5900.0,13.823529411764707,9.4,Caro,alto,0,1,1,0,34028.0
3,122.0,porsche,two,convertible,rwd,rear,89.5,0.8116290245074483,0.40170940170940184,-0.8851405551125894,2800,ohcf,six,194,mpfi,3.74,2.9,9.5,207,5900.0,13.823529411764707,9.4,Caro,alto,0,1,1,0,37028.0
0,122.0,renault,four,wagon,fwd,front,96.1,0.8721768380586257,0.52991452991453,0.5855545210744506,2579,ohc,four,132,mpfi,3.46,3.9,8.7,103,5117.587939698493,10.217391304347826,7.580645161290323,Barato,baixo,0,1,1,0,9295.0
2,122.0,renault,two,hatchback,fwd,front,96.1,0.849591542527631,0.5384615384615381,-1.3345196061697409,2460,ohc,four,132,mpfi,3.46,3.9,8.7,103,5117.587939698493,10.217391304347826,7.580645161290323,Barato,baixo,0,1,1,0,9895.0
3,150.0,saab,two,hatchback,fwd,front,99.1,0.8966842864007688,0.52991452991453,0.9532282901212099,2658,ohc,four,121,mpfi,3.54,3.07,9.31,110,5250.0,11.19047619047619,8.392857142857142,Barato,baixo,0,1,1,0,11850.0
2,104.0,saab,four,sedan,fwd,front,99.1,0.8966842864007688,0.52991452991453,0.9532282901212099,2695,ohc,four,121,mpfi,3.54,3.07,9.3,110,5250.0,11.19047619047619,8.392857142857142,Barato,baixo,0,1,1,0,12170.0
3,150.0,saab,two,hatchback,fwd,front,99.1,0.8966842864007688,0.52991452991453,0.9532282901212099,2707,ohc,four,121,mpfi,2.54,2.07,9.3,110,5250.0,11.19047619047619,8.392857142857142,Barato,baixo,0,1,1,0,15040.0
2,104.0,saab,four,sedan,fwd,front,99.1,0.8966842864007688,0.52991452991453,0.9532282901212099,2758,ohc,four,121,mpfi,3.54,3.07,9.3,110,5250.0,11.19047619047619,8.392857142857142,Barato,baixo,0,1,1,0,15510.0
3,150.0,saab,two,hatchback,fwd,front,99.1,0.8966842864007688,0.52991452991453,0.9532282901212099,2808,dohc,four,121,mpfi,3.54,3.07,9.0,160,5500.0,12.368421052631579,9.038461538461538,Barato,médio,0,1,0,1,18150.0
2,104.0,saab,four,sedan,fwd,front,99.1,0.8966842864007688,0.52991452991453,0.9532282901212099,2847,dohc,four,121,mpfi,3.54,3.07,9.0,160,5500.0,12.368421052631579,9.038461538461538,Mediano,médio,0,1,0,1,18620.0
2,83.0,subaru,two,hatchback,fwd,front,93.7,0.7539644401729938,0.264957264957265,-0.027235094003482462,2050,ohcf,four,97,2bbl,3.62,2.36,9.0,69,4900.0,7.580645161290323,6.527777777777778,Barato,baixo,0,1,1,0,5118.0
2,83.0,subaru,two,hatchback,fwd,front,93.7,0.758769822200865,0.2820512820512823,-0.027235094003482462,2120,ohcf,four,108,2bbl,3.62,2.64,8.7,73,4400.0,9.038461538461538,7.580645161290323,Barato,baixo,0,1,1,0,7053.0
2,83.0,subaru,two,hatchback,4wd,front,93.3,0.7558865929841423,0.2991452991452991,0.7898177261004283,2240,ohcf,four,108,2bbl,3.62,2.64,8.7,73,4400.0,9.038461538461538,7.580645161290323,Barato,baixo,0,1,1,0,7603.0
0,102.0,subaru,four,sedan,fwd,front,97.2,0.8265257087938491,0.4358974358974365,-0.5174667860658301,2145,ohcf,four,108,2bbl,3.62,2.64,9.5,82,4800.0,7.34375,6.351351351351352,Barato,baixo,0,1,1,0,7126.0
0,102.0,subaru,four,sedan,fwd,front,97.2,0.8265257087938491,0.4358974358974365,-0.5174667860658301,2190,ohcf,four,108,2bbl,3.62,2.64,9.5,82,4400.0,8.392857142857142,7.121212121212121,Barato,baixo,0,1,1,0,7775.0
0,102.0,subaru,four,sedan,fwd,front,97.2,0.8265257087938491,0.4358974358974365,-0.5174667860658301,2340,ohcf,four,108,mpfi,3.62,2.64,9.0,94,5200.0,9.038461538461538,7.34375,Barato,baixo,0,1,1,0,9960.0
0,102.0,subaru,four,sedan,4wd,front,97.0,0.8265257087938491,0.4358974358974365,0.21788075202768845,2385,ohcf,four,108,2bbl,3.62,2.64,9.0,82,4800.0,9.791666666666666,9.4,Barato,baixo,0,1,1,0,9233.0
0,102.0,subaru,four,sedan,4wd,front,97.0,0.8265257087938491,0.4358974358974365,0.21788075202768845,2510,ohcf,four,108,mpfi,3.62,2.64,7.7,111,4800.0,9.791666666666666,8.10344827586207,Barato,baixo,0,1,0,1,11259.0
0,89.0,subaru,four,wagon,fwd,front,97.0,0.8337337818356559,0.4358974358974365,-0.3132035810398524,2290,ohcf,four,108,2bbl,3.62,2.64,9.0,82,4800.0,8.392857142857142,7.34375,Barato,baixo,0,1,1,0,7463.0
0,89.0,subaru,four,wagon,fwd,front,97.0,0.8337337818356559,0.4358974358974365,-0.3132035810398524,2455,ohcf,four,108,mpfi,3.62,2.64,9.0,94,5200.0,9.4,7.580645161290323,Barato,baixo,0,1,1,0,10198.0
0,85.0,subaru,four,wagon,4wd,front,96.9,0.8342143200384431,0.4358974358974365,0.46299659805886223,2420,ohcf,four,108,2bbl,3.62,2.64,9.0,82,4800.0,10.217391304347826,8.10344827586207,Barato,baixo,0,1,1,0,8013.0
0,85.0,subaru,four,wagon,4wd,front,96.9,0.8342143200384431,0.4358974358974365,0.46299659805886223,2650,ohcf,four,108,mpfi,3.62,2.64,7.7,111,4800.0,10.217391304347826,10.217391304347826,Barato,baixo,0,1,0,1,11694.0
1,87.0,toyota,two,hatchback,fwd,front,95.7,0.762614127823162,0.2820512820512823,0.29958603403808065,1985,ohc,four,92,2bbl,3.05,3.03,9.0,62,4800.0,6.714285714285714,6.0256410256410255,Barato,baixo,0,1,1,0,5348.0
1,87.0,toyota,two,hatchback,fwd,front,95.7,0.762614127823162,0.2820512820512823,0.29958603403808065,2040,ohc,four,92,2bbl,3.05,3.03,9.0,62,4800.0,7.580645161290323,6.184210526315789,Barato,baixo,0,1,1,0,6338.0
1,74.0,toyota,four,hatchback,fwd,front,95.7,0.762614127823162,0.2820512820512823,0.29958603403808065,2015,ohc,four,92,2bbl,3.05,3.03,9.0,62,4800.0,7.580645161290323,6.184210526315789,Barato,baixo,0,1,1,0,6488.0
0,77.0,toyota,four,wagon,fwd,front,95.7,0.8154733301297453,0.2820512820512823,2.178807520277076,2280,ohc,four,92,2bbl,3.05,3.03,9.0,62,4800.0,7.580645161290323,6.351351351351352,Barato,baixo,0,1,1,0,6918.0
0,81.0,toyota,four,wagon,4wd,front,95.7,0.8154733301297453,0.2820512820512823,2.178807520277076,2290,ohc,four,92,2bbl,3.05,3.03,9.0,62,4800.0,8.703703703703704,7.34375,Barato,baixo,0,1,1,0,7898.0
0,91.0,toyota,four,wagon,4wd,front,95.7,0.8154733301297453,0.2820512820512823,2.178807520277076,3110,ohc,four,92,2bbl,3.05,3.03,9.0,62,4800.0,8.703703703703704,7.34375,Barato,baixo,0,1,1,0,8778.0
0,91.0,toyota,four,sedan,fwd,front,95.7,0.7991350312349833,0.35042735042735107,-0.3132035810398524,2081,ohc,four,98,2bbl,3.19,3.03,9.0,70,4800.0,7.833333333333333,6.351351351351352,Barato,baixo,0,1,1,0,6938.0
0,91.0,toyota,four,hatchback,fwd,front,95.7,0.7991350312349833,0.35042735042735107,-0.39490886305024464,2109,ohc,four,98,2bbl,3.19,3.03,9.0,70,4800.0,7.833333333333333,6.351351351351352,Barato,baixo,0,1,1,0,7198.0
0,91.0,toyota,four,sedan,fwd,front,95.7,0.7991350312349833,0.35042735042735107,-0.3132035810398524,2275,ohc,four,110,idi,3.27,3.35,22.5,56,4500.0,6.911764705882353,6.527777777777778,Barato,baixo,1,0,1,0,7898.0
0,91.0,toyota,four,hatchback,fwd,front,95.7,0.7991350312349833,0.35042735042735107,-0.39490886305024464,2275,ohc,four,110,idi,3.27,3.35,22.5,56,4500.0,6.184210526315789,5.0,Barato,baixo,1,0,1,0,7788.0
0,91.0,toyota,four,sedan,fwd,front,95.7,0.7991350312349833,0.35042735042735107,-0.3132035810398524,2094,ohc,four,98,2bbl,3.19,3.03,9.0,70,4800.0,6.184210526315789,5.0,Barato,baixo,0,1,1,0,7738.0
0,91.0,toyota,four,hatchback,fwd,front,95.7,0.7991350312349833,0.35042735042735107,-0.39490886305024464,2122,ohc,four,98,2bbl,3.19,3.03,9.0,70,4800.0,8.392857142857142,6.911764705882353,Barato,baixo,0,1,1,0,8358.0
0,91.0,toyota,four,sedan,fwd,front,95.7,0.7991350312349833,0.35042735042735107,-0.39490886305024464,2140,ohc,four,98,2bbl,3.19,3.03,9.0,70,4800.0,8.392857142857142,6.911764705882353,Barato,baixo,0,1,1,0,9258.0
1,168.0,toyota,two,sedan,rwd,front,94.5,0.810667948101874,0.3162393162393164,-0.47661414506063393,2169,ohc,four,98,2bbl,3.19,3.03,9.0,70,4800.0,8.10344827586207,6.911764705882353,Barato,baixo,0,1,1,0,8058.0
1,168.0,toyota,two,hatchback,rwd,front,94.5,0.810667948101874,0.3162393162393164,-0.47661414506063393,2204,ohc,four,98,2bbl,3.19,3.03,9.0,70,4800.0,8.10344827586207,6.911764705882353,Barato,baixo,0,1,1,0,8238.0
1,168.0,toyota,two,sedan,rwd,front,94.5,0.810667948101874,0.3162393162393164,-0.47661414506063393,2265,dohc,four,98,mpfi,3.24,3.08,9.4,112,6600.0,9.038461538461538,8.10344827586207,Barato,baixo,0,1,1,0,9298.0
1,168.0,toyota,two,hatchback,rwd,front,94.5,0.810667948101874,0.3162393162393164,-0.47661414506063393,2300,dohc,four,98,mpfi,3.24,3.08,9.4,112,6600.0,9.038461538461538,8.10344827586207,Barato,baixo,0,1,1,0,9538.0
2,134.0,toyota,two,hardtop,rwd,front,98.4,0.8467083133109082,0.45299145299145266,-0.7217299910918078,2540,ohc,four,146,mpfi,3.62,3.5,9.3,116,4800.0,9.791666666666666,7.833333333333333,Barato,baixo,0,1,1,0,8449.0
2,134.0,toyota,two,hardtop,rwd,front,98.4,0.8467083133109082,0.45299145299145266,-0.7217299910918078,2536,ohc,four,146,mpfi,3.62,3.5,9.3,116,4800.0,9.791666666666666,7.833333333333333,Barato,baixo,0,1,1,0,9639.0
2,134.0,toyota,two,hatchback,rwd,front,98.4,0.8467083133109082,0.45299145299145266,-0.7217299910918078,2551,ohc,four,146,mpfi,3.62,3.5,9.3,116,4800.0,9.791666666666666,7.833333333333333,Barato,baixo,0,1,1,0,9989.0
2,134.0,toyota,two,hardtop,rwd,front,98.4,0.8467083133109082,0.45299145299145266,-0.7217299910918078,2679,ohc,four,146,mpfi,3.62,3.5,9.3,116,4800.0,9.791666666666666,7.833333333333333,Barato,baixo,0,1,1,0,11199.0
2,134.0,toyota,two,hatchback,rwd,front,98.4,0.8467083133109082,0.45299145299145266,-0.7217299910918078,2714,ohc,four,146,mpfi,3.62,3.5,9.3,116,4800.0,9.791666666666666,7.833333333333333,Barato,baixo,0,1,1,0,11549.0
2,134.0,toyota,two,convertible,rwd,front,98.4,0.8467083133109082,0.45299145299145266,-0.3132035810398524,2975,ohc,four,146,mpfi,3.62,3.5,9.3,116,4800.0,9.791666666666666,7.833333333333333,Barato,baixo,0,1,1,0,17669.0
-1,65.0,toyota,four,sedan,fwd,front,102.4,0.8438250840941854,0.52991452991453,0.46299659805886223,2326,ohc,four,122,mpfi,3.31,3.54,8.7,92,4200.0,8.10344827586207,6.911764705882353,Barato,baixo,0,1,1,0,8948.0
-1,65.0,toyota,four,sedan,fwd,front,102.4,0.8438250840941854,0.52991452991453,0.46299659805886223,2480,ohc,four,110,idi,3.27,3.35,22.5,73,4500.0,7.833333333333333,7.121212121212121,Barato,baixo,1,0,0,1,10698.0
-1,65.0,toyota,four,hatchback,fwd,front,102.4,0.8438250840941854,0.52991452991453,0.054470188006906874,2414,ohc,four,122,mpfi,3.31,3.54,8.7,92,4200.0,8.703703703703704,7.34375,Barato,baixo,0,1,1,0,9988.0
-1,65.0,toyota,four,sedan,fwd,front,102.4,0.8438250840941854,0.52991452991453,0.46299659805886223,2414,ohc,four,122,mpfi,3.31,3.54,8.7,92,4200.0,8.703703703703704,7.34375,Barato,baixo,0,1,1,0,10898.0
-1,65.0,toyota,four,hatchback,fwd,front,102.4,0.8438250840941854,0.52991452991453,0.054470188006906874,2458,ohc,four,122,mpfi,3.31,3.54,8.7,92,4200.0,8.703703703703704,7.34375,Barato,baixo,0,1,1,0,11248.0
3,197.0,toyota,two,hatchback,rwd,front,102.9,0.8817876021143681,0.6324786324786328,-0.7217299910918078,2976,dohc,six,171,mpfi,3.27,3.35,9.3,161,5200.0,11.75,9.791666666666666,Barato,médio,0,1,1,0,16558.0
3,197.0,toyota,two,hatchback,rwd,front,102.9,0.8817876021143681,0.6324786324786328,-0.7217299910918078,3016,dohc,six,171,mpfi,3.27,3.35,9.3,161,5200.0,12.368421052631579,9.791666666666666,Barato,médio,0,1,1,0,15998.0
-1,90.0,toyota,four,sedan,rwd,front,104.5,0.9024507448342144,0.52991452991453,0.1361754700172991,3131,dohc,six,171,mpfi,3.27,3.35,9.2,156,5200.0,11.75,9.791666666666666,Barato,médio,0,1,1,0,15690.0
-1,122.0,toyota,four,wagon,rwd,front,104.5,0.9024507448342144,0.52991452991453,0.1361754700172991,3151,dohc,six,161,mpfi,3.27,3.35,9.2,156,5200.0,12.368421052631579,9.791666666666666,Barato,médio,0,1,1,0,15750.0
2,122.0,volkswagen,two,sedan,fwd,front,97.3,0.8250840941854877,0.4444444444444446,0.7898177261004283,2261,ohc,four,97,idi,3.01,3.4,23.0,52,4800.0,6.351351351351352,5.108695652173913,Barato,baixo,1,0,1,0,7775.0
2,122.0,volkswagen,two,sedan,fwd,front,97.3,0.8250840941854877,0.4444444444444446,0.7898177261004283,2209,ohc,four,109,mpfi,3.19,3.4,9.0,85,5250.0,8.703703703703704,6.911764705882353,Barato,baixo,0,1,1,0,7975.0
2,94.0,volkswagen,four,sedan,fwd,front,97.3,0.8250840941854877,0.4444444444444446,0.7898177261004283,2264,ohc,four,97,idi,3.01,3.4,23.0,52,4800.0,6.351351351351352,5.108695652173913,Barato,baixo,1,0,1,0,7995.0
2,94.0,volkswagen,four,sedan,fwd,front,97.3,0.8250840941854877,0.4444444444444446,0.7898177261004283,2212,ohc,four,109,mpfi,3.19,3.4,9.0,85,5250.0,8.703703703703704,6.911764705882353,Barato,baixo,0,1,1,0,8195.0
2,94.0,volkswagen,four,sedan,fwd,front,97.3,0.8250840941854877,0.4444444444444446,0.7898177261004283,2275,ohc,four,109,mpfi,3.19,3.4,9.0,85,5250.0,8.703703703703704,6.911764705882353,Barato,baixo,0,1,1,0,8495.0
2,94.0,volkswagen,four,sedan,fwd,front,97.3,0.8250840941854877,0.4444444444444446,0.7898177261004283,2319,ohc,four,97,idi,3.01,3.4,23.0,68,4500.0,6.351351351351352,5.595238095238095,Barato,baixo,1,0,0,1,9495.0
2,94.0,volkswagen,four,sedan,fwd,front,97.3,0.8250840941854877,0.4444444444444446,0.7898177261004283,2300,ohc,four,109,mpfi,3.19,3.4,10.0,100,5500.0,9.038461538461538,7.34375,Barato,baixo,0,1,1,0,9995.0
3,122.0,volkswagen,two,convertible,fwd,front,94.5,0.7654973570398848,0.33333333333333376,0.7489650850952322,2254,ohc,four,109,mpfi,3.19,3.4,8.5,90,5500.0,9.791666666666666,8.10344827586207,Barato,baixo,0,1,1,0,11595.0
3,256.0,volkswagen,two,hatchback,fwd,front,94.5,0.7962518020182604,0.3162393162393164,-0.9668458371229816,2221,ohc,four,109,mpfi,3.19,3.4,8.5,90,5500.0,9.791666666666666,8.10344827586207,Barato,baixo,0,1,1,0,9980.0
0,122.0,volkswagen,four,sedan,fwd,front,100.4,0.865929841422393,0.5641025641025647,0.5447018800692545,2661,ohc,five,136,mpfi,3.19,3.4,8.5,110,5500.0,12.368421052631579,9.791666666666666,Barato,baixo,0,1,1,0,13295.0
0,122.0,volkswagen,four,sedan,fwd,front,100.4,0.865929841422393,0.5641025641025647,0.5447018800692545,2579,ohc,four,97,idi,3.01,3.4,23.0,68,4500.0,7.121212121212121,6.184210526315789,Barato,baixo,1,0,0,1,13845.0
0,122.0,volkswagen,four,wagon,fwd,front,100.4,0.8798654493032196,0.5641025641025647,0.5447018800692545,2563,ohc,four,109,mpfi,3.19,3.4,9.0,88,5500.0,9.4,7.580645161290323,Barato,baixo,0,1,1,0,12290.0
-2,103.0,volvo,four,sedan,rwd,front,104.3,0.9072561268620856,0.5897435897435901,0.9940809311264059,2912,ohc,four,141,mpfi,3.78,3.15,9.5,114,5400.0,10.217391304347826,8.392857142857142,Barato,baixo,0,1,1,0,12940.0
-1,74.0,volvo,four,wagon,rwd,front,104.3,0.9072561268620856,0.5897435897435901,1.5251652641939468,3034,ohc,four,141,mpfi,3.78,3.15,9.5,114,5400.0,10.217391304347826,8.392857142857142,Barato,baixo,0,1,1,0,13415.0
-2,103.0,volvo,four,sedan,rwd,front,104.3,0.9072561268620856,0.5897435897435901,0.9940809311264059,2935,ohc,four,141,mpfi,3.78,3.15,9.5,114,5400.0,9.791666666666666,8.392857142857142,Barato,baixo,0,1,1,0,15985.0
-1,74.0,volvo,four,wagon,rwd,front,104.3,0.9072561268620856,0.5897435897435901,1.5251652641939468,3042,ohc,four,141,mpfi,3.78,3.15,9.5,114,5400.0,9.791666666666666,8.392857142857142,Barato,baixo,0,1,1,0,16515.0
-2,103.0,volvo,four,sedan,rwd,front,104.3,0.9072561268620856,0.5897435897435901,0.9940809311264059,3045,ohc,four,130,mpfi,3.62,3.15,7.5,162,5100.0,13.823529411764707,10.681818181818182,Barato,médio,0,1,0,1,18420.0
-1,74.0,volvo,four,wagon,rwd,front,104.3,0.9072561268620856,0.5897435897435901,1.5251652641939468,3157,ohc,four,130,mpfi,3.62,3.15,7.5,162,5100.0,13.823529411764707,10.681818181818182,Mediano,médio,0,1,0,1,18950.0
-1,95.0,volvo,four,sedan,rwd,front,109.1,0.9072561268620856,0.7350427350427355,0.708112444090036,2952,ohc,four,141,mpfi,3.78,3.15,9.5,114,5400.0,10.217391304347826,8.392857142857142,Barato,baixo,0,1,1,0,16845.0
-1,95.0,volvo,four,sedan,rwd,front,109.1,0.9072561268620856,0.7264957264957264,0.708112444090036,3049,ohc,four,141,mpfi,3.78,3.15,8.7,160,5300.0,12.368421052631579,9.4,Mediano,médio,0,1,0,1,19045.0
-1,95.0,volvo,four,sedan,rwd,front,109.1,0.9072561268620856,0.7350427350427355,0.708112444090036,3012,ohcv,six,173,mpfi,3.58,2.87,8.8,134,5500.0,13.055555555555555,10.217391304347826,Mediano,médio,0,1,1,0,21485.0
-1,95.0,volvo,four,sedan,rwd,front,109.1,0.9072561268620856,0.7350427350427355,0.708112444090036,3217,ohc,six,145,idi,3.01,3.4,23.0,106,4800.0,9.038461538461538,8.703703703703704,Mediano,baixo,1,0,0,1,22470.0
-1,95.0,volvo,four,sedan,rwd,front,109.1,0.9072561268620856,0.7350427350427355,0.708112444090036,3062,ohc,four,141,mpfi,3.78,3.15,9.5,114,5400.0,12.368421052631579,9.4,Mediano,baixo,0,1,0,1,22625.0
